Id,Coordenadas
E1,[-8.31808611
E2,[-28.0038
E3,[-7.821
E4,[-8.89066111
